outcome,zero_definition,kind,pre_end,post_start,post_end,post_months,post_cells_after_policy,n_positive,n_zero,estimate,se_welch,df_welch,ci95_welch_low,ci95_welch_high,p_two_sided_welch,p_weight_increase_welch,p_fetal_decrease_welch,variance_share_controls,ols_slope,change_positive,change_zero,p_two_sided_welch_holm_family3
peso_medio,1,original_includes_2019_2022,2016-01,2016-11,2022-12,74,8832,169,15,-7.8556568952517125,19.571321664845033,15.066661417876244,-49.554872127828936,33.84355833732551,0.6937712714872566,0.6531143642563717,0.3468856357436283,0.9638958646112745,25.757640012971642,-16.614679075569562,-8.75902218031785,1.0
peso_medio,1,corrected_pre_only,2016-01,2016-11,2018-12,26,0,169,15,17.610015087996683,21.35475861292896,15.028244455606734,-27.899125869930376,63.119156045923745,0.4224717280220108,0.2112358640110054,0.7887641359889946,0.9651310185741766,31.369237423421986,-7.2125483305465545,-24.822563418543236,0.720263365402363
peso_medio,1,original_includes_2019_2022,2016-07,2017-05,2022-12,68,8832,169,15,-7.882078709734299,16.940225542176933,15.227304954081157,-43.94242701356006,28.178269594091457,0.64831014395648,0.67584492802176,0.32415507197824,0.9587801885003823,31.07270894584223,-9.75590117304259,-1.8738224633082912,1.0
peso_medio,1,corrected_pre_only,2016-07,2017-05,2018-12,20,0,169,15,25.91875259922871,18.266235707416833,15.271667171116713,-12.954571565797366,64.79207676425479,0.17600237349771503,0.08800118674885751,0.9119988132511425,0.9573812904726116,33.86038236482985,4.465750604542476,-21.453001994686232,0.5280071204931451
peso_medio,1,original_includes_2019_2022,2017-01,2017-11,2022-12,62,8832,169,15,-12.925202326464255,17.782517392152027,15.075187358457173,-50.811282884847074,24.960878231918567,0.4784543746341413,0.7607728126829294,0.23922718731707066,0.9636223659814247,12.963550701962939,-7.535769590515389,5.389432735948867,1.0
peso_medio,1,corrected_pre_only,2017-01,2017-11,2018-12,14,0,169,15,20.358937090176944,21.567631929339303,15.017132649374389,-25.606814687509008,66.3246888678629,0.3601316827011815,0.18006584135059076,0.8199341586494092,0.9654891340843806,19.678352947215558,9.77181653508078,-10.587120555096165,0.720263365402363
peso_medio,4,original_includes_2019_2022,2016-01,2016-11,2022-12,74,8784,169,14,-6.4675466403688535,20.919237211451513,13.86114836578721,-51.377050598189214,38.44195731745151,0.7617925551632305,0.6191037224183847,0.38089627758161526,0.9683986548252107,26.178163213759472,-16.614679075569562,-10.147132435200708,1.0
peso_medio,4,corrected_pre_only,2016-01,2016-11,2018-12,26,0,169,14,20.094004675514213,22.729226124398338,13.837707157936578,-28.709030796031854,68.89704014706028,0.3917654340837288,0.1958827170418644,0.8041172829581356,0.9692206605031537,31.67187917354748,-7.2125483305465545,-27.306553006060767,0.7330759240615344
peso_medio,4,original_includes_2019_2022,2016-07,2017-05,2022-12,68,8784,169,14,-6.887026481015179,18.115142170772497,13.988914875449371,-45.74303088130343,31.968977919273076,0.7095214062946185,0.6452392968526908,0.35476070314730923,0.9639536841140396,31.413996542019518,-9.75590117304259,-2.8688746920274104,1.0
peso_medio,4,corrected_pre_only,2016-07,2017-05,2018-12,20,0,169,14,28.12885272534141,19.420691667438014,14.036956870287597,-13.514102141865386,69.77180759254821,0.1694743234351501,0.08473716171757505,0.9152628382824249,0.9622975976439815,33.99132315523354,4.465750604542476,-23.663102120798936,0.5084229703054503
peso_medio,4,original_includes_2019_2022,2017-01,2017-11,2022-12,62,8784,169,14,-12.848628092979027,19.05492950142823,13.863438299410817,-53.75518787212401,28.057931686165958,0.5112122349151483,0.7443938825424259,0.25560611745757417,0.968318463134308,13.168110575140105,-7.535769590515389,5.312858502463639,1.0
peso_medio,4,corrected_pre_only,2017-01,2017-11,2018-12,14,0,169,14,21.546278832785994,23.0787750658173,13.81949928153801,-28.013493856681777,71.10605152225376,0.3665379620307672,0.1832689810153836,0.8167310189846164,0.9698605533755357,19.66033583933176,9.77181653508078,-11.774462297705213,0.7330759240615344
taxa_obito_fetal,1,original_includes_2019_2022,2016-01,2016-11,2022-12,74,8832,169,15,0.0016337175930220488,0.00284435664463593,15.493139912571634,-0.004412121158482088,0.007679556344526186,0.5739620251655982,0.2869810125827991,0.7130189874172008,0.9504848374386239,0.0008579831591939345,-0.002125837508215572,-0.0037595551012376206,1.0
taxa_obito_fetal,1,corrected_pre_only,2016-01,2016-11,2018-12,26,0,169,15,0.0002202015347789305,0.002898046317590064,16.001157847092205,-0.0059233460816092275,0.006363749151167088,0.9403747326678252,0.4701873663339126,0.5298126336660873,0.9351933989953602,0.003305063223228622,-0.0020942133259276153,-0.002314414860706546,1.0
taxa_obito_fetal,1,original_includes_2019_2022,2016-07,2017-05,2022-12,68,8832,169,15,-5.657729851836946e-05,0.002180650085174562,16.292828836930077,-0.004672605655433872,0.0045594510583971334,0.9796162141105675,0.5101918929447162,0.48980810705528377,0.9267288456409656,0.0007358586205337396,-0.001827951885650364,-0.0017713745871319945,1.0
taxa_obito_fetal,1,corrected_pre_only,2016-07,2017-05,2018-12,20,0,169,15,-0.00157382663847553,0.0023042807736208533,17.504664609084976,-0.006424779023883474,0.003277125746932414,0.5035462388331263,0.7482268805834369,0.25177311941656316,0.8937822064569396,0.003685918894326635,-0.0020755114655594932,-0.0005016848270839632,1.0
taxa_obito_fetal,1,original_includes_2019_2022,2017-01,2017-11,2022-12,62,8832,169,15,0.0005795532215491866,0.0017025285248128334,17.245588728339108,-0.003008575305574085,0.004167681748672459,0.7376611516164931,0.3688305758082466,0.6311694241917534,0.9005428873003853,0.00020880595277702335,-0.0014874581724262995,-0.002067011393975486,1.0
taxa_obito_fetal,1,corrected_pre_only,2017-01,2017-11,2018-12,14,0,169,15,0.0002957730715914596,0.0018472932278899511,20.774890424828342,-0.0035484197326896456,0.004139965875872565,0.8743397336587059,0.43716986682935294,0.5628301331706471,0.8192483388494965,0.0018439490754645256,-0.0012119033200725547,-0.0015076763916640143,1.0
taxa_obito_fetal,4,original_includes_2019_2022,2016-01,2016-11,2022-12,74,8784,169,14,0.0017029274649251,0.0030443191645571095,14.198887342736104,-0.004817917808143297,0.008223772737993497,0.584619520507948,0.292309760253974,0.7076902397460261,0.9567759012832485,0.0008505275333325242,-0.002125837508215572,-0.003828764973140672,1.0
taxa_obito_fetal,4,corrected_pre_only,2016-01,2016-11,2018-12,26,0,169,14,0.0002924143165752204,0.0030985516190337125,14.605412668569098,-0.006327566687467972,0.006912395320618413,0.9260967167881962,0.4630483583940981,0.5369516416059019,0.9433092219439893,0.0033195414521543123,-0.0020942133259276153,-0.0023866276425028358,1.0
taxa_obito_fetal,4,original_includes_2019_2022,2016-07,2017-05,2022-12,68,8784,169,14,-0.00022023335568188457,0.0023242853202432526,14.848802769967941,-0.005178727462712885,0.004738260751349116,0.9257777332012759,0.5371111333993621,0.46288886660063794,0.935504989079587,0.000702495926044158,-0.001827951885650364,-0.0016077185299684794,1.0
taxa_obito_fetal,4,corrected_pre_only,2016-07,2017-05,2018-12,20,0,169,14,-0.0017530998440197635,0.0024500485660083264,15.822763659134809,-0.006951703110185961,0.0034455034221464336,0.4847034324810823,0.7576482837594589,0.24235171624054114,0.9060452629330334,0.003672330800411037,-0.0020755114655594932,-0.00032241162153972977,1.0
taxa_obito_fetal,4,original_includes_2019_2022,2017-01,2017-11,2022-12,62,8784,169,14,0.0005687808930541828,0.0018166058074473232,15.59677317989032,-0.0032903588921414546,0.00442792067824982,0.758351938536737,0.3791759692683685,0.6208240307316315,0.9126418869281074,0.00019861731587851041,-0.0014874581724262995,-0.0020562390654804822,1.0
taxa_obito_fetal,4,corrected_pre_only,2017-01,2017-11,2018-12,14,0,169,14,0.0002847853794392919,0.0019602187047049412,18.39507546474296,-0.003827150462613532,0.004396721221492116,0.8860679503460234,0.4430339751730117,0.5569660248269883,0.8394741731677565,0.001838768708874662,-0.0012119033200725547,-0.0014966886995118466,1.0
